{"cameraMode":{"drawMode":0,"name":"Shaded","section":"Shading Mode"},"sceneLighting":false,"audioPlay":false,"sceneViewState":{"m_AlwaysRefresh":false,"showFog":true,"showSkybox":false,"showFlares":true,"showImageEffects":true,"showParticleSystems":true,"showVisualEffectGraphs":true,"m_FxEnabled":true},"in2DMode":false,"pivot":{"x":0.6473296880722046,"y":-0.02006259560585022,"z":0.6639783382415772},"rotation":{"x":-0.24692459404468537,"y":-0.09928149729967118,"z":0.025157859548926355,"w":-0.9636706113815308},"size":0.25266021490097048,"orthographic":false}